,vx_sf,vx_de,vx_ld,t_dec,w_f,w_a,body_m,wing_a,wing_r,ang
0,638.215280887863,283.7215617690514,13.274309823844305,0.35040462427745667,6.63241585297831,21.709065527144663,300,15,35,60.0
