,vx_sf,vx_de,vx_ld,w_f,w_a
0,638.215280887863,283.7215617690514,13.274309823844305,6.63241585297831,21.709065527144663
